{
  "providers": {
    "awscloudformation": {
      "AuthRoleName": "amplify-confapqrcontingencia-pd-accd3-authRole",
      "UnauthRoleArn": "arn:aws:iam::758324485493:role/amplify-confapqrcontingencia-pd-accd3-unauthRole",
      "AuthRoleArn": "arn:aws:iam::758324485493:role/amplify-confapqrcontingencia-pd-accd3-authRole",
      "Region": "us-east-1",
      "DeploymentBucketName": "amplify-confapqrcontingencia-pd-accd3-deployment",
      "UnauthRoleName": "amplify-confapqrcontingencia-pd-accd3-unauthRole",
      "StackName": "amplify-confapqrcontingencia-pd-accd3",
      "StackId": "arn:aws:cloudformation:us-east-1:758324485493:stack/amplify-confapqrcontingencia-pd-accd3/921c0c70-a2a5-11ef-bf23-0e0c5416d0eb",
      "AmplifyAppId": "d1u1dn8vim74rp"
    }
  }
}